geometry,cases,county
"list(c(-77.4467010498047, -77.4295196533203, -77.3722152709961, -77.3206481933594, -77.2347106933594, -77.1888732910156, -77.1774139404297, -77.1373062133789, -77.0914688110352, -77.0685577392578, -77.028450012207, -77.0112533569336, -76.9826126098633, -76.9768829345703, -76.9768829345703, -76.9768829345703, -76.9654159545898, -76.9654159545898, -76.9654159545898, -77.0112533569336, -76.9997940063477, -77.0055236816406, -77.2289810180664, -77.4467010498047, -77.4581604003906, -77.4467010498047, 39.9695358276367, 
39.9867248535156, 40.0039138793945, 40.0153732299805, 40.0268325805664, 40.0325622558594, 40.0497512817383, 40.0669364929199, 40.0497512817383, 40.0268325805664, 40.0153732299805, 39.9981803894043, 39.9638061523438, 39.91796875, 39.8893241882324, 39.8721351623535, 39.8721351623535, 39.8606719970703, 39.8492164611816, 39.8434867858887, 39.8320274353027, 39.7288932800293, 39.7288932800293, 39.7288932800293, 39.9638061523438, 39.9695358276367))",55,adams
"list(c(-80.1453399658203, -79.6984329223633, -79.7041625976562, -79.744270324707, -79.7557220458984, -79.7671813964844, -79.7671813964844, -79.7499923706055, -79.7213439941406, -79.7098846435547, -79.7041625976562, -79.7041625976562, -79.7156143188477, -79.7385406494141, -79.7729110717773, -79.7786483764648, -79.7843780517578, -79.7901077270508, -79.7958297729492, -79.7843780517578, -79.8588562011719, -79.8932342529297, -79.9505310058594, -79.9562606811523, -79.9562606811523, -79.9333419799805, -79.9161529541016, 
-79.9276123046875, -79.9562606811523, -80.1797103881836, -80.3516006469727, -80.1797103881836, -80.1453399658203, -80.1453399658203, 40.6742744445801, 40.6742744445801, 40.6341667175293, 40.6112480163574, 40.5997886657715, 40.5825996398926, 40.5654106140137, 40.5539512634277, 40.548225402832, 40.5310363769531, 40.5081176757812, 40.4336318969727, 40.4107131958008, 40.3935241699219, 40.3877983093262, 40.3534164428711, 40.2903900146484, 40.2674713134766, 40.244556427002, 40.233097076416, 40.1929893493652, 
40.1987190246582, 40.2216377258301, 40.233097076416, 40.238826751709, 40.244556427002, 40.2502861022949, 40.2560157775879, 40.2674713134766, 40.3304977416992, 40.4794692993164, 40.6112480163574, 40.6112480163574, 40.6742744445801))",1275,allegheny
"list(c(-79.2114181518555, -79.2056884765625, -79.2114181518555, -79.4520568847656, -79.4921646118164, -79.5208129882812, -79.560920715332, -79.566650390625, -79.560920715332, -79.566650390625, -79.5895614624023, -79.5895614624023, -79.5895614624023, -79.6067581176758, -79.6525955200195, -79.6697769165039, -79.6984329223633, -79.6927032470703, -79.6755065917969, -79.6697769165039, -79.6583251953125, -79.6525955200195, -79.6411361694336, -79.6067581176758, -79.6010284423828, -79.6010284423828, -79.5838394165039, 
-79.5838394165039, -79.5952987670898, -79.6124877929688, -79.6124877929688, -79.5952987670898, -79.566650390625, -79.5380020141602, -79.5093536376953, -79.4921646118164, -79.4807052612305, -79.4692459106445, -79.4577865600586, -79.4234085083008, -79.4062194824219, -79.3661117553711, -79.3546524047852, -79.2629776000977, -79.2515258789062, -79.2114181518555, -79.2114181518555, 40.9091873168945, 40.7888641357422, 40.7774085998535, 40.5253067016602, 40.5367622375488, 40.548225402832, 40.5654106140137, 
40.5825996398926, 40.5997886657715, 40.6112480163574, 40.6055183410645, 40.6112480163574, 40.6227073669434, 40.6341667175293, 40.6742744445801, 40.680004119873, 40.6742744445801, 41.144100189209, 41.1211814880371, 41.0868034362793, 41.0753440856934, 41.0524253845215, 41.0524253845215, 41.0409660339355, 41.0295066833496, 41.0123176574707, 41.0065879821777, 40.9951286315918, 40.9893989562988, 40.9893989562988, 40.9722099304199, 40.9722099304199, 40.9893989562988, 40.9836730957031, 40.9836730957031, 
40.9951286315918, 41.000862121582, 41.000862121582, 40.9951286315918, 40.9951286315918, 41.0065879821777, 40.9893989562988, 40.9951286315918, 41.0237808227539, 41.0409660339355, 41.0581550598145, 40.9091873168945))",49,armstrong
"list(c(-80.1567993164062, -80.1453399658203, -80.1453399658203, -80.1797103881836, -80.3516006469727, -80.5177612304688, -80.5177612304688, -80.5120315551758, -80.1567993164062, 40.8518905639648, 40.6742744445801, 40.6112480163574, 40.6112480163574, 40.4794692993164, 40.4794692993164, 40.6456260681152, 40.8576202392578, 40.8518905639648))",172,beaver
"list(c(-78.3806304931641, -78.7988891601562, -78.7587814331055, -78.7530517578125, -78.7358627319336, -78.655647277832, -78.655647277832, -78.6441879272461, -78.6384506225586, -78.6155395507812, -78.5697021484375, -78.5525131225586, -78.5238647460938, -78.4952163696289, -78.4493789672852, -78.4321899414062, -78.2832260131836, -78.2545776367188, -78.2488479614258, -78.1342544555664, -78.1514434814453, -78.214469909668, -78.1800918579102, -78.3462524414062, -78.3806304931641, 39.7288932800293, 39.7288932800293, 
39.8262977600098, 40.0726699829102, 40.0726699829102, 40.238826751709, 40.2789344787598, 40.2789344787598, 40.3075790405273, 40.3247718811035, 40.3133087158203, 40.3018531799316, 40.2961235046387, 40.2789344787598, 40.2502861022949, 40.3018531799316, 40.2502861022949, 40.2789344787598, 40.2216377258301, 40.1586112976074, 40.1070442199707, 40.0898551940918, 40.061206817627, 39.7690010070801, 39.7288932800293))",37,bedford
"list(c(-75.5330276489258, -75.6934509277344, -75.7450256347656, -75.767936706543, -75.7965927124023, -75.8367004394531, -75.8768005371094, -76.1575546264648, -76.2033920288086, -76.2434997558594, -76.4325714111328, -76.3638153076172, -76.3351669311523, -76.3122482299805, -76.2377624511719, -76.21484375, -76.1403579711914, -76.1174468994141, -76.0716094970703, -76.0544128417969, -76.0200424194336, -76.0085754394531, -75.9971237182617, -75.9856643676758, -75.9742050170898, -75.8825302124023, -75.5330276489258, 
40.4508171081543, 40.2502861022949, 40.233097076416, 40.2159080505371, 40.1929893493652, 40.1643409729004, 40.1414260864258, 40.3190422058105, 40.3591461181641, 40.3820648193359, 40.4909286499023, 40.5081176757812, 40.5081176757812, 40.5081176757812, 40.5310363769531, 40.5424919128418, 40.5539512634277, 40.5654106140137, 40.5768699645996, 40.5825996398926, 40.5825996398926, 40.5825996398926, 40.5883293151855, 40.6227073669434, 40.6513557434082, 40.6742744445801, 40.4508171081543))",308,berks
"list(c(-78.1170654296875, -78.1743621826172, -78.1800918579102, -78.2259292602539, -78.1686325073242, -78.1743621826172, -78.1800918579102, -78.1800918579102, -78.1915512084961, -78.1686325073242, -78.1399841308594, -78.1285247802734, -78.1399841308594, -78.1571731567383, -78.1342544555664, -78.1285247802734, -78.1170654296875, -78.1972808837891, -78.2545776367188, -78.2832260131836, -78.4321899414062, -78.4493789672852, -78.4952163696289, -78.5238647460938, -78.5525131225586, -78.5697021484375, 
-78.6155395507812, -78.5983505249023, -78.5639724731445, -78.5582427978516, -78.5410537719727, -78.5295944213867, -78.5066757202148, -78.47802734375, -78.4665756225586, -78.4493789672852, -78.4379196166992, -78.4092712402344, -78.3519744873047, -78.3577041625977, -78.1170654296875, 40.7373008728027, 40.7086524963379, 40.7086524963379, 40.6628150939941, 40.6227073669434, 40.6112480163574, 40.5940628051758, 40.5654106140137, 40.548225402832, 40.5367622375488, 40.5596809387207, 40.5654106140137, 40.5424919128418, 
40.5023880004883, 40.496654510498, 40.5023880004883, 40.496654510498, 40.3935241699219, 40.2789344787598, 40.2502861022949, 40.3018531799316, 40.2502861022949, 40.2789344787598, 40.2961235046387, 40.3018531799316, 40.3133087158203, 40.3247718811035, 40.3534164428711, 40.37060546875, 40.4393615722656, 40.496654510498, 40.5195732116699, 40.5367622375488, 40.548225402832, 40.5654106140137, 40.5940628051758, 40.6513557434082, 40.6513557434082, 40.7315711975098, 40.7315711975098, 40.7373008728027))",127,blair
"list(c(-76.1460876464844, -76.1346282958984, -76.220573425293, -76.21484375, -76.21484375, -76.220573425293, -76.2320327758789, -76.8336410522461, -76.8852081298828, -76.9367752075195, -76.5643539428711, -76.1460876464844, 42.0035362243652, 41.6483001708984, 41.6483001708984, 41.6311111450195, 41.6196556091309, 41.5852737426758, 41.5508995056152, 41.5795478820801, 41.5852737426758, 41.9978065490723, 42.0035362243652, 42.0035362243652))",59,bradford
"list(c(-74.9715270996094, -74.9543380737305, -74.9543380737305, -74.9715270996094, -74.9944458007812, -75.0116348266602, -75.4757308959961, -75.3955154418945, -75.3382263183594, -75.2064437866211, -75.2007141113281, -75.1720657348633, -75.1434097290039, -75.1204986572266, -75.0861206054688, -75.0689315795898, -75.0689315795898, -75.0632019042969, -75.046012878418, -75.0116348266602, -74.9657974243164, -74.9314270019531, -74.9199600219727, -74.8970413208008, -74.8741226196289, -74.85693359375, -74.8340148925781, 
-74.8168258666992, -74.7824478149414, -74.7366104125977, -74.7308807373047, -74.765266418457, -74.8053741455078, -74.8340148925781, -74.862663269043, -74.9142303466797, -74.9715270996094, 40.0554809570312, 40.0898551940918, 40.1070442199707, 40.1242332458496, 40.1299629211426, 40.1414260864258, 40.4279022216797, 40.5081176757812, 40.548225402832, 40.6169776916504, 40.5940628051758, 40.5768699645996, 40.5768699645996, 40.5768699645996, 40.5654106140137, 40.5539512634277, 40.4794692993164, 40.4450912475586, 
40.4279022216797, 40.4164428710938, 40.4049835205078, 40.3591461181641, 40.3362274169922, 40.3247718811035, 40.3075790405273, 40.2903900146484, 40.2674713134766, 40.244556427002, 40.233097076416, 40.1643409729004, 40.1471519470215, 40.1356925964355, 40.1299629211426, 40.1070442199707, 40.095588684082, 40.0841255187988, 40.0554809570312))",454,bucks
"list(c(-80.1453399658203, -80.1567993164062, -80.1567993164062, -80.0995025634766, -80.0020980834961, -79.6927032470703, -79.6927032470703, -79.6984329223633, -80.1453399658203, 40.6742744445801, 40.8518905639648, 41.000862121582, 41.0696144104004, 41.1670188903809, 41.1670188903809, 41.144100189209, 40.6742744445801, 40.6742744445801))",158,butler
"list(c(-79.0509872436523, -78.9707717895508, -78.9134750366211, -78.8905563354492, -78.7988891601562, -78.3577041625977, -78.3519744873047, -78.4092712402344, -78.4379196166992, -78.4493789672852, -78.4665756225586, -78.47802734375, -78.5066757202148, -78.5295944213867, -78.5410537719727, -78.5582427978516, -78.5639724731445, -78.5983505249023, -78.6155395507812, -78.6384506225586, -78.6441879272461, -78.655647277832, -78.655647277832, -78.8791046142578, -78.8905563354492, -78.9306640625, -79.0509872436523, 
40.2789344787598, 40.3935241699219, 40.4909286499023, 40.5253067016602, 40.7258415222168, 40.7315711975098, 40.7315711975098, 40.6513557434082, 40.6513557434082, 40.5940628051758, 40.5654106140137, 40.548225402832, 40.5367622375488, 40.5195732116699, 40.496654510498, 40.4393615722656, 40.37060546875, 40.3534164428711, 40.3247718811035, 40.3075790405273, 40.2789344787598, 40.2789344787598, 40.238826751709, 40.244556427002, 40.2674713134766, 40.3018531799316, 40.2789344787598))",121,cambria
"list(c(-78.1056060791016, -78.2431182861328, -78.2431182861328, -78.2545776367188, -78.2545776367188, -78.4207382202148, -78.4264678955078, -78.4207382202148, -78.2201995849609, -78.0483093261719, -77.9910125732422, -77.9852828979492, -78.1056060791016, 41.2185821533203, 41.2300453186035, 41.3159866333008, 41.3274459838867, 41.401927947998, 41.4076614379883, 41.596736907959, 41.6081924438477, 41.6081924438477, 41.4764175415039, 41.4764175415039, 41.3732833862305, 41.2185821533203))",8,cameron
"list(c(-75.6418838500977, -75.6075134277344, -75.5960464477539, -75.5616760253906, -75.5502166748047, -75.5444869995117, -75.498649597168, -75.5788650512695, -75.5043792724609, -75.4814605712891, -75.6075134277344, -75.6934509277344, -75.756477355957, -75.8882598876953, -75.9111785888672, -75.9971237182617, -75.7450256347656, -75.7507553100586, -75.767936706543, -75.7793960571289, -75.7736663818359, -75.76220703125, -75.7335586547852, -75.7049179077148, -75.6934509277344, -75.6762619018555, -75.6648101806641, 
-75.6418838500977, 41.1154518127441, 41.0982627868652, 41.0868034362793, 41.0581550598145, 41.0466995239258, 41.0295066833496, 41.000862121582, 40.949291229248, 40.8576202392578, 40.8175163269043, 40.7888641357422, 40.7716789245605, 40.7373008728027, 40.8232421875, 40.8461608886719, 40.9149169921875, 41.0123176574707, 41.0295066833496, 41.0466995239258, 41.0638847351074, 41.0753440856934, 41.0868034362793, 41.0868034362793, 41.1211814880371, 41.1269111633301, 41.1269111633301, 41.1211814880371, 41.1154518127441
))",42,carbon
"list(c(-77.1545028686523, -77.3664855957031, -77.4008712768555, -77.4409790039062, -77.4467010498047, -77.6415100097656, -77.7102661132812, -77.7217254638672, -77.7847518920898, -77.8134002685547, -77.9509048461914, -78.1170654296875, -78.3577041625977, -78.3634338378906, -78.3634338378906, -78.3347930908203, -78.3061447143555, -78.2946853637695, -78.2889556884766, -78.2660369873047, -78.214469909668, -78.1858139038086, -78.1800918579102, -78.1800918579102, -78.1743621826172, -78.1686325073242, -78.1285247802734, 
-78.0998764038086, -78.1113357543945, -78.1056060791016, -78.0998764038086, -78.0769577026367, -78.0884170532227, -78.0826873779297, -78.1056060791016, -78.1227951049805, -78.0597763061523, -78.0196685791016, -78.0082015991211, -77.9738311767578, -77.9451751708984, -77.9394454956055, -77.8993377685547, -77.8993377685547, -77.7847518920898, -77.7847518920898, -77.7675628662109, -77.7389144897461, -77.6930770874023, -77.6300506591797, -77.6014022827148, -77.5842132568359, -77.5613021850586, -77.5555648803711, 
-77.57275390625, -77.4982681274414, -77.1545028686523, 41.0409660339355, 40.8404350280762, 40.8404350280762, 40.828971862793, 40.8175163269043, 40.7487602233887, 40.7201080322266, 40.7315711975098, 40.7315711975098, 40.7487602233887, 40.697193145752, 40.7373008728027, 40.7315711975098, 40.7602157592773, 40.7716789245605, 40.8060531616211, 40.8232421875, 40.8347015380859, 40.8576202392578, 40.8576202392578, 40.9149169921875, 40.9321060180664, 40.9435653686523, 40.9607543945312, 40.966480255127, 40.9607543945312, 
40.949291229248, 40.9607543945312, 40.966480255127, 40.9836730957031, 40.9951286315918, 41.000862121582, 41.0180473327637, 41.0409660339355, 41.0753440856934, 41.1211814880371, 41.144100189209, 41.1612892150879, 41.1727447509766, 41.2128524780273, 41.2128524780273, 41.2243118286133, 41.2529640197754, 41.1784744262695, 41.1727447509766, 41.1326370239258, 41.138370513916, 41.1039924621582, 41.1039924621582, 41.0868034362793, 41.0753440856934, 41.0696144104004, 41.0753440856934, 41.0638847351074, 41.0524253845215, 
40.949291229248, 41.0409660339355))",61,centre
"list(c(-75.6934509277344, -75.6476135253906, -75.6304321289062, -75.6075134277344, -75.5903244018555, -75.5903244018555, -75.5559387207031, -75.5272979736328, -75.5272979736328, -75.5101013183594, -75.498649597168, -75.4700012207031, -75.4585418701172, -75.4700012207031, -75.4528121948242, -75.4298934936523, -75.3955154418945, -75.3668670654297, -75.3611373901367, -75.4127044677734, -75.4069747924805, -75.4528121948242, -75.4470825195312, -75.4470825195312, -75.5101013183594, -75.5559387207031, -75.5903244018555, 
-75.6189727783203, -75.6418838500977, -75.6819915771484, -75.7049179077148, -75.7335586547852, -75.7450256347656, -75.76220703125, -75.8023147583008, -76.1059875488281, -76.0544128417969, -76.0429611206055, -76.0200424194336, -76.0143127441406, -75.9913940429688, -75.9856643676758, -75.9340972900391, -75.9283676147461, -75.8768005371094, -75.8367004394531, -75.7965927124023, -75.767936706543, -75.7450256347656, -75.6934509277344, 40.2502861022949, 40.2502861022949, 40.244556427002, 40.244556427002, 
40.238826751709, 40.2216377258301, 40.2159080505371, 40.1758003234863, 40.1586112976074, 40.1528816223145, 40.1471519470215, 40.1414260864258, 40.1356925964355, 40.1185073852539, 40.0898551940918, 40.1013145446777, 40.0726699829102, 40.0783996582031, 40.0726699829102, 40.0497512817383, 40.0325622558594, 39.9981803894043, 39.9867248535156, 39.9809951782227, 39.9523468017578, 39.9065093994141, 39.8721351623535, 39.8377532958984, 39.8320274353027, 39.8148345947266, 39.7976493835449, 39.780460357666, 
39.7575416564941, 39.7288932800293, 39.7288932800293, 39.7288932800293, 39.786190032959, 39.8148345947266, 39.8434867858887, 39.8721351623535, 39.8835906982422, 39.9466171264648, 40.0497512817383, 40.1070442199707, 40.1414260864258, 40.1643409729004, 40.1929893493652, 40.2159080505371, 40.233097076416, 40.2502861022949))",291,chester
"list(c(-79.6927032470703, -79.6927032470703, -79.6869735717773, -79.6755065917969, -79.6583251953125, -79.6525955200195, -79.6353988647461, -79.6353988647461, -79.6124877929688, -79.6067581176758, -79.5380020141602, -79.5265426635742, -79.4749755859375, -79.4749755859375, -79.4062194824219, -79.3947601318359, -79.2056884765625, -79.2056884765625, -79.2114181518555, -79.2515258789062, -79.2629776000977, -79.3546524047852, -79.3661117553711, -79.4062194824219, -79.4234085083008, -79.4577865600586, 
-79.4692459106445, -79.4807052612305, -79.4921646118164, -79.5093536376953, -79.5380020141602, -79.566650390625, -79.5952987670898, -79.6124877929688, -79.6124877929688, -79.5952987670898, -79.5838394165039, -79.5838394165039, -79.6010284423828, -79.6010284423828, -79.6067581176758, -79.6411361694336, -79.6525955200195, -79.6583251953125, -79.6697769165039, -79.6755065917969, -79.6927032470703, 41.144100189209, 41.1670188903809, 41.1784744262695, 41.1784744262695, 41.2013931274414, 41.2300453186035, 
41.2357711791992, 41.270149230957, 41.27587890625, 41.3159866333008, 41.3159866333008, 41.3331756591797, 41.3331756591797, 41.3732833862305, 41.3847427368164, 41.4305801391602, 41.4305801391602, 41.3274459838867, 41.0581550598145, 41.0409660339355, 41.0237808227539, 40.9951286315918, 40.9893989562988, 41.0065879821777, 40.9951286315918, 40.9951286315918, 41.000862121582, 41.000862121582, 40.9951286315918, 40.9836730957031, 40.9836730957031, 40.9893989562988, 40.9722099304199, 40.9722099304199, 40.9893989562988, 
40.9893989562988, 40.9951286315918, 41.0065879821777, 41.0123176574707, 41.0295066833496, 41.0409660339355, 41.0524253845215, 41.0524253845215, 41.0753440856934, 41.0868034362793, 41.1211814880371, 41.144100189209))",32,clarion
"list(c(-78.7988891601562, -78.7931594848633, -78.7415924072266, -78.7072143554688, -78.7014846801758, -78.655647277832, -78.6499176025391, -78.2431182861328, -78.1056060791016, -78.0998764038086, -78.0597763061523, -78.1227951049805, -78.1056060791016, -78.0826873779297, -78.0884170532227, -78.0769577026367, -78.0998764038086, -78.1056060791016, -78.1113357543945, -78.0998764038086, -78.1285247802734, -78.1686325073242, -78.1743621826172, -78.1800918579102, -78.1800918579102, -78.1858139038086, -78.214469909668, 
-78.2660369873047, -78.2889556884766, -78.2946853637695, -78.3061447143555, -78.3347930908203, -78.3634338378906, -78.3634338378906, -78.3577041625977, -78.7988891601562, -78.7988891601562, 40.9034576416016, 41.1154518127441, 41.2300453186035, 41.2300453186035, 41.2013931274414, 41.2185821533203, 41.2529640197754, 41.2300453186035, 41.2185821533203, 41.2128524780273, 41.144100189209, 41.1211814880371, 41.0753440856934, 41.0409660339355, 41.0180473327637, 41.000862121582, 40.9951286315918, 40.9836730957031, 
40.966480255127, 40.9607543945312, 40.949291229248, 40.9607543945312, 40.966480255127, 40.9607543945312, 40.9435653686523, 40.9321060180664, 40.9149169921875, 40.8576202392578, 40.8576202392578, 40.8347015380859, 40.8232421875, 40.8060531616211, 40.7716789245605, 40.7602157592773, 40.7315711975098, 40.7258415222168, 40.9034576416016))",73,clearfield
"list(c(-77.9910125732422, -77.6071395874023, -77.6014022827148, -77.578483581543, -77.57275390625, -77.5498352050781, -77.5326461791992, -77.5154647827148, -77.4925384521484, -77.481086730957, -77.4753570556641, -77.4409790039062, -77.3550338745117, -77.3493041992188, -77.3378448486328, -77.309196472168, -77.2576293945312, -77.2232513427734, -77.1774139404297, -77.1545028686523, -77.1545028686523, -77.4982681274414, -77.57275390625, -77.5555648803711, -77.5613021850586, -77.5842132568359, -77.6014022827148, 
-77.6300506591797, -77.6930770874023, -77.7389144897461, -77.7675628662109, -77.7847518920898, -77.7847518920898, -77.8993377685547, -77.8993377685547, -77.9394454956055, -77.9451751708984, -77.9738311767578, -78.0082015991211, -78.0196685791016, -78.0597763061523, -78.0998764038086, -78.1056060791016, -77.9852828979492, -77.9910125732422, 41.4764175415039, 41.4764175415039, 41.453498840332, 41.4477653503418, 41.4248466491699, 41.3847427368164, 41.3618240356445, 41.3503646850586, 41.3389053344727, 
41.3159866333008, 41.2930679321289, 41.27587890625, 41.2300453186035, 41.2243118286133, 41.2185821533203, 41.2013931274414, 41.1670188903809, 41.1211814880371, 41.0696144104004, 41.0638847351074, 41.0409660339355, 40.949291229248, 41.0524253845215, 41.0638847351074, 41.0753440856934, 41.0696144104004, 41.0753440856934, 41.0868034362793, 41.1039924621582, 41.1039924621582, 41.138370513916, 41.1326370239258, 41.1727447509766, 41.1784744262695, 41.2529640197754, 41.2243118286133, 41.2128524780273, 41.2128524780273, 
41.1727447509766, 41.1612892150879, 41.144100189209, 41.2128524780273, 41.2185821533203, 41.3732833862305, 41.4764175415039))",27,clinton
"list(c(-76.3179779052734, -76.3065185546875, -76.2721405029297, -76.2320327758789, -76.2263031005859, -76.220573425293, -76.2091217041016, -76.2434997558594, -76.2606811523438, -76.2778701782227, -76.2893371582031, -76.3867340087891, -76.4211120605469, -76.5013198852539, -76.5185165405273, -76.5070495605469, -76.5127868652344, -76.5299758911133, -76.5299758911133, -76.5127868652344, -76.575813293457, -76.5643539428711, -76.5643539428711, -76.575813293457, -76.6273727416992, -76.6159210205078, -76.6388320922852, 
-76.6044616699219, -76.4669494628906, -76.4153747558594, -76.3179779052734, 41.3045272827148, 41.1842079162598, 41.1326370239258, 41.138370513916, 41.0524253845215, 41.0123176574707, 40.949291229248, 40.9263725280762, 40.9034576416016, 40.8977279663086, 40.8117828369141, 40.7716789245605, 40.828971862793, 40.8232421875, 40.8347015380859, 40.8518905639648, 40.8576202392578, 40.8977279663086, 40.9321060180664, 40.949291229248, 41.000862121582, 41.0237808227539, 41.0409660339355, 41.0466995239258, 41.0581550598145, 
41.0810737609863, 41.144100189209, 41.138370513916, 41.2586898803711, 41.3045272827148, 41.3045272827148))",58,columbia
"list(c(-80.5292205810547, -79.6182174682617, -79.6124877929688, -79.6124877929688, -79.7729110717773, -79.7786483764648, -79.8244857788086, -79.8302154541016, -79.8531265258789, -79.8531265258789, -79.8645858764648, -79.8932342529297, -79.8932342529297, -79.9046936035156, -79.9104232788086, -79.9218826293945, -79.9218826293945, -79.9390716552734, -79.9448013305664, -79.9619903564453, -79.9677200317383, -79.9849090576172, -79.9849090576172, -80.0020980834961, -80.0020980834961, -80.1453399658203, 
-80.4146270751953, -80.4146270751953, -80.4432754516602, -80.4432754516602, -80.5234909057617, -80.5292205810547, -80.5292205810547, 41.8373794555664, 41.8373794555664, 41.8373794555664, 41.6081924438477, 41.602466583252, 41.6081924438477, 41.6081924438477, 41.591007232666, 41.5852737426758, 41.5738182067871, 41.5680885314941, 41.5623550415039, 41.5508995056152, 41.5508995056152, 41.5394401550293, 41.5337104797363, 41.5279808044434, 41.5279808044434, 41.5165214538574, 41.5165214538574, 41.5107917785645, 
41.5050621032715, 41.4936027526855, 41.4936027526855, 41.4878730773926, 41.4764175415039, 41.4764175415039, 41.4821434020996, 41.4878730773926, 41.4764175415039, 41.4821434020996, 41.4993362426758, 41.8373794555664))",74,crawford
"list(c(-77.1373062133789, -77.1774139404297, -77.1888732910156, -77.2347106933594, -77.3206481933594, -77.3722152709961, -77.4295196533203, -77.4467010498047, -77.481086730957, -77.5269165039062, -77.5613021850586, -77.5842132568359, -77.6014022827148, -77.6243209838867, -77.5956726074219, -77.5613021850586, -77.5326461791992, -77.4753570556641, -77.4123229980469, -77.3722152709961, -77.3607635498047, -77.3493041992188, -77.3550338745117, -77.3779525756836, -77.4008712768555, -77.3951416015625, -77.3779525756836, 
-77.3493041992188, -77.3206481933594, -77.3149261474609, -77.297737121582, -77.2003326416016, -77.1315765380859, -77.0399017333984, -76.9195785522461, -76.9138488769531, -76.9195785522461, -76.9138488769531, -76.8966674804688, -76.856559753418, -76.8680114746094, -76.8852081298828, -76.9023971557617, -76.9081268310547, -76.9310455322266, -76.9367752075195, -76.9367752075195, -76.9310455322266, -76.9768829345703, -76.9768829345703, -77.028450012207, -77.1373062133789, 40.0669364929199, 40.0497512817383, 
40.0325622558594, 40.0268325805664, 40.0153732299805, 40.0039138793945, 39.9867248535156, 39.9695358276367, 39.9867248535156, 40.0497512817383, 40.1070442199707, 40.1414260864258, 40.1586112976074, 40.1815299987793, 40.1987190246582, 40.2216377258301, 40.233097076416, 40.2617454528809, 40.2961235046387, 40.3247718811035, 40.3304977416992, 40.3247718811035, 40.3133087158203, 40.2961235046387, 40.2789344787598, 40.2732048034668, 40.2732048034668, 40.2789344787598, 40.3018531799316, 40.2789344787598, 
40.2789344787598, 40.2903900146484, 40.3018531799316, 40.3075790405273, 40.3247718811035, 40.3133087158203, 40.2903900146484, 40.2789344787598, 40.2560157775879, 40.2216377258301, 40.2216377258301, 40.2159080505371, 40.2216377258301, 40.2101783752441, 40.2044486999512, 40.1929893493652, 40.1758003234863, 40.1643409729004, 40.1643409729004, 40.1586112976074, 40.1528816223145, 40.0669364929199))",132,cumberland
"list(c(-76.5815353393555, -76.6273727416992, -76.673210144043, -76.6961364746094, -76.7190475463867, -76.7534255981445, -76.8049926757812, -76.856559753418, -76.8966674804688, -76.9138488769531, -76.9195785522461, -76.9138488769531, -76.9195785522461, -76.9195785522461, -76.9367752075195, -76.9596862792969, -76.9826126098633, -77.028450012207, -77.0227203369141, -77.0055236816406, -76.9596862792969, -76.9482345581055, -76.9425048828125, -76.9711532592773, -76.9768829345703, -76.9711532592773, -76.9768829345703, 
-76.9425048828125, -76.9253158569336, -76.9081268310547, -76.8909378051758, -76.8336410522461, -76.8107223510742, -76.7992630004883, -76.7763442993164, -76.7075881958008, -76.5471572875977, -76.6846694946289, -76.6846694946289, -76.5815353393555, 40.1987190246582, 40.1815299987793, 40.1528816223145, 40.1586112976074, 40.1299629211426, 40.1643409729004, 40.1987190246582, 40.2216377258301, 40.2560157775879, 40.2789344787598, 40.2903900146484, 40.3133087158203, 40.3247718811035, 40.3476905822754, 40.3591461181641, 
40.3648796081543, 40.3648796081543, 40.3877983093262, 40.4049835205078, 40.4221725463867, 40.4508171081543, 40.4794692993164, 40.4909286499023, 40.5081176757812, 40.5253067016602, 40.548225402832, 40.5768699645996, 40.6055183410645, 40.6055183410645, 40.6055183410645, 40.6112480163574, 40.6227073669434, 40.6341667175293, 40.6398963928223, 40.6398963928223, 40.6513557434082, 40.5539512634277, 40.4737358093262, 40.4680099487305, 40.1987190246582))",168,dauphin
"list(c(-75.3611373901367, -75.2694625854492, -75.2751922607422, -75.2694625854492, -75.2522811889648, -75.2408142089844, -75.2694625854492, -75.2408142089844, -75.2809219360352, -75.3382263183594, -75.3668670654297, -75.4127044677734, -75.4413528442383, -75.4757308959961, -75.5272979736328, -75.5616760253906, -75.6189727783203, -75.5903244018555, -75.5559387207031, -75.5101013183594, -75.4470825195312, -75.4470825195312, -75.4528121948242, -75.4069747924805, -75.4127044677734, -75.3611373901367, 
40.0726699829102, 39.9809951782227, 39.9695358276367, 39.9638061523438, 39.9580764770508, 39.9408874511719, 39.9294281005859, 39.8549423217773, 39.8492164611816, 39.8434867858887, 39.8262977600098, 39.8033790588379, 39.8262977600098, 39.8377532958984, 39.8492164611816, 39.8434867858887, 39.8377532958984, 39.8721351623535, 39.9065093994141, 39.9523468017578, 39.9809951782227, 39.9867248535156, 39.9981803894043, 40.0325622558594, 40.0497512817383, 40.0726699829102))",485,delaware
"list(c(-78.2431182861328, -78.6499176025391, -78.655647277832, -78.7014846801758, -78.7072143554688, -78.7415924072266, -78.7358627319336, -78.9593124389648, -78.9765014648438, -78.9822311401367, -78.9994201660156, -79.0166091918945, -79.0452575683594, -79.0796356201172, -79.0739059448242, -79.0567169189453, -79.0509872436523, -78.9707717895508, -78.9650497436523, -78.9421234130859, -78.9421234130859, -78.483757019043, -78.47802734375, -78.4264678955078, -78.4207382202148, -78.2545776367188, -78.2545776367188, 
-78.2431182861328, -78.2431182861328, 41.2300453186035, 41.2529640197754, 41.2185821533203, 41.2013931274414, 41.2300453186035, 41.2300453186035, 41.2586898803711, 41.3675537109375, 41.3675537109375, 41.3618240356445, 41.3503646850586, 41.3503646850586, 41.3446350097656, 41.3446350097656, 41.4248466491699, 41.4248466491699, 41.4477653503418, 41.4477653503418, 41.4305801391602, 41.4305801391602, 41.6081924438477, 41.6196556091309, 41.602466583252, 41.596736907959, 41.4076614379883, 41.401927947998, 
41.3274459838867, 41.3159866333008, 41.2300453186035))",31,elk
"list(c(-79.6182174682617, -80.5292205810547, -80.5349426269531, -80.466194152832, -80.4318161010742, -80.3516006469727, -80.2427444458008, -80.2312850952148, -80.1911773681641, -80.1625213623047, -80.1281433105469, -80.0995025634766, -80.0880355834961, -80.0880355834961, -80.1166915893555, -80.0823059082031, -79.9791793823242, -79.8645858764648, -79.7671813964844, -79.7557220458984, -79.6182174682617, -79.6182174682617, 41.8373794555664, 41.8373794555664, 41.9691581726074, 41.9863471984863, 41.9978065490723, 
42.0207252502441, 42.0665626525879, 42.0894813537598, 42.1009368896484, 42.1238555908203, 42.1582374572754, 42.1639633178711, 42.1639633178711, 42.1525039672852, 42.1238555908203, 42.1238555908203, 42.18115234375, 42.2269897460938, 42.2613677978516, 42.0035362243652, 42.0035362243652, 41.8373794555664))",231,erie
"list(c(-79.4978942871094, -79.7557220458984, -79.8875045776367, -79.9161529541016, -79.9276123046875, -79.9161529541016, -79.9104232788086, -79.9276123046875, -79.9218826293945, -79.9161529541016, -79.9276123046875, -80.0078277587891, -80.0020980834961, -79.9849090576172, -79.9849090576172, -79.9791793823242, -79.9619903564453, -79.9562606811523, -79.9333419799805, -79.9218826293945, -79.9104232788086, -79.8932342529297, -79.8645858764648, -79.8703231811523, -79.8703231811523, -79.8817749023438, 
-79.8531265258789, -79.841667175293, -79.841667175293, -79.8473968505859, -79.8645858764648, -79.7499923706055, -79.7385406494141, -79.6984329223633, -79.6812362670898, -79.6525955200195, -79.6239471435547, -79.560920715332, -79.5551910400391, -79.5208129882812, -79.5093536376953, -79.4978942871094, -79.4921646118164, -79.4692459106445, -79.4176864624023, -79.3775787353516, -79.3431930541992, -79.2859039306641, -79.3145446777344, -79.3431930541992, -79.389030456543, -79.4176864624023, -79.3947601318359, 
-79.3718490600586, -79.3661117553711, -79.3718490600586, -79.3947601318359, -79.3947601318359, -79.4004898071289, -79.4004898071289, -79.4978942871094, 39.7231636047363, 39.7288932800293, 39.7288932800293, 39.7518119812012, 39.7690010070801, 39.791919708252, 39.8033790588379, 39.8492164611816, 39.8835906982422, 39.9122428894043, 39.9294281005859, 39.9638061523438, 39.9752655029297, 39.9867248535156, 40.0096435546875, 40.0153732299805, 40.0096435546875, 40.0039138793945, 39.9981803894043, 40.0153732299805, 
40.0210990905762, 40.0210990905762, 40.0325622558594, 40.0497512817383, 40.061206817627, 40.0783996582031, 40.0783996582031, 40.0841255187988, 40.095588684082, 40.1070442199707, 40.1242332458496, 40.1299629211426, 40.1299629211426, 40.1070442199707, 40.1070442199707, 40.0898551940918, 40.0841255187988, 40.1013145446777, 40.1185073852539, 40.1299629211426, 40.1299629211426, 40.1414260864258, 40.1471519470215, 40.1414260864258, 40.1070442199707, 40.0841255187988, 40.0497512817383, 40.0382919311523, 
40.0096435546875, 39.9752655029297, 39.91796875, 39.8606719970703, 39.8434867858887, 39.8320274353027, 39.8033790588379, 39.791919708252, 39.791919708252, 39.774730682373, 39.7575416564941, 39.7346229553223, 39.7231636047363))",150,fayette
"list(c(-79.5093536376953, -78.9421234130859, -78.9421234130859, -78.9650497436523, -78.9707717895508, -79.0509872436523, -79.0567169189453, -79.0739059448242, -79.0796356201172, -79.0968246459961, -79.1025543212891, -79.1426620483398, -79.1655807495117, -79.1770324707031, -79.2056884765625, -79.2056884765625, -79.3947601318359, -79.4062194824219, -79.4749755859375, -79.4749755859375, -79.5208129882812, -79.5208129882812, -79.5093536376953, -79.5093536376953, 41.6081924438477, 41.6081924438477, 41.4305801391602, 
41.4305801391602, 41.4477653503418, 41.4477653503418, 41.4248466491699, 41.4248466491699, 41.3446350097656, 41.3389053344727, 41.3274459838867, 41.3446350097656, 41.3274459838867, 41.3331756591797, 41.3274459838867, 41.4305801391602, 41.4305801391602, 41.3847427368164, 41.3732833862305, 41.4420356750488, 41.4420356750488, 41.4649543762207, 41.4706840515137, 41.6081924438477))",4,forest
"list(c(-77.4467010498047, -77.4581604003906, -77.4467010498047, -77.4696273803711, -78.0941467285156, -78.0483093261719, -78.0024719238281, -77.9738311767578, -77.9394454956055, -77.9279937744141, -77.9165267944336, -77.8821563720703, -77.8592300415039, -77.8191223144531, -77.750373840332, -77.7102661132812, -77.6930770874023, -77.6701583862305, -77.6644287109375, -77.6644287109375, -77.6529693603516, -77.6357803344727, -77.6185913085938, -77.6128616333008, -77.6243209838867, -77.6243209838867, -77.6014022827148, 
-77.5842132568359, -77.5613021850586, -77.5269165039062, -77.481086730957, -77.4467010498047, 39.9695358276367, 39.9638061523438, 39.7288932800293, 39.7288932800293, 39.7231636047363, 39.780460357666, 39.8377532958984, 39.8721351623535, 39.9408874511719, 39.9809951782227, 39.9981803894043, 40.0325622558594, 40.0554809570312, 40.1185073852539, 40.2101783752441, 40.2617454528809, 40.2617454528809, 40.2732048034668, 40.2617454528809, 40.2502861022949, 40.2502861022949, 40.2216377258301, 40.2216377258301, 
40.2159080505371, 40.1929893493652, 40.1815299987793, 40.1586112976074, 40.1414260864258, 40.1070442199707, 40.0497512817383, 39.9867248535156, 39.9695358276367))",105,franklin
"list(c(-78.3290634155273, -78.3806304931641, -78.3462524414062, -78.1800918579102, -78.214469909668, -78.1514434814453, -78.1342544555664, -77.9165267944336, -77.8592300415039, -77.8821563720703, -77.9165267944336, -77.9279937744141, -77.9394454956055, -77.9738311767578, -78.0024719238281, -78.0483093261719, -78.0941467285156, -78.3290634155273, 39.7231636047363, 39.7288932800293, 39.7690010070801, 40.061206817627, 40.0898551940918, 40.1070442199707, 40.1586112976074, 40.095588684082, 40.0554809570312, 
40.0325622558594, 39.9981803894043, 39.9809951782227, 39.9408874511719, 39.8721351623535, 39.8377532958984, 39.780460357666, 39.7231636047363, 39.7231636047363))",11,fulton
"list(c(-80.4088973999023, -80.5177612304688, -80.5177612304688, -80.4432754516602, -80.4375457763672, -80.4260864257812, -80.3573303222656, -80.3172225952148, -80.3057632446289, -80.294303894043, -80.2599258422852, -80.1911773681641, -80.1739807128906, -80.1453399658203, -80.1281433105469, -80.0995025634766, -80.0651245117188, -80.0536651611328, -80.0479354858398, -80.0364761352539, -80.0078277587891, -79.9276123046875, -79.9161529541016, -79.9218826293945, -79.9276123046875, -79.9104232788086, -79.9161529541016, 
-79.9276123046875, -79.9161529541016, -79.8875045776367, -80.4088973999023, 39.7231636047363, 39.7231636047363, 39.9523468017578, 39.9523468017578, 39.9638061523438, 39.9752655029297, 39.9867248535156, 40.0039138793945, 40.0210990905762, 40.0210990905762, 40.0039138793945, 40.0096435546875, 40.0096435546875, 39.9867248535156, 39.9809951782227, 39.9867248535156, 40.0039138793945, 40.0039138793945, 39.9981803894043, 39.9809951782227, 39.9638061523438, 39.9294281005859, 39.9122428894043, 39.8835906982422, 
39.8492164611816, 39.8033790588379, 39.791919708252, 39.7690010070801, 39.7518119812012, 39.7288932800293, 39.7231636047363))",38,greene
"list(c(-78.2545776367188, -78.1972808837891, -78.1170654296875, -78.1285247802734, -78.1342544555664, -78.1571731567383, -78.1399841308594, -78.1285247802734, -78.1399841308594, -78.1686325073242, -78.1915512084961, -78.1800918579102, -78.1800918579102, -78.1743621826172, -78.1686325073242, -78.2259292602539, -78.1800918579102, -78.1743621826172, -78.1170654296875, -77.9509048461914, -77.8134002685547, -77.7847518920898, -77.7217254638672, -77.7102661132812, -77.6415100097656, -77.6415100097656, 
-77.6644287109375, -77.6644287109375, -77.6701583862305, -77.6644287109375, -77.6472396850586, -77.6472396850586, -77.6701583862305, -77.6701583862305, -77.6758880615234, -77.7217254638672, -77.7331771850586, -77.7675628662109, -77.7790145874023, -77.8363189697266, -77.8134002685547, -77.8878860473633, -77.8821563720703, -77.8649597167969, -77.8477783203125, -77.8248519897461, -77.8076705932617, -77.8076705932617, -77.8134002685547, -77.756103515625, -77.6930770874023, -77.7102661132812, -77.750373840332, 
-77.8191223144531, -77.8592300415039, -77.9165267944336, -78.1342544555664, -78.2488479614258, -78.2545776367188, 40.2789344787598, 40.3935241699219, 40.496654510498, 40.5023880004883, 40.496654510498, 40.5023880004883, 40.5424919128418, 40.5654106140137, 40.5596809387207, 40.5367622375488, 40.548225402832, 40.5654106140137, 40.5940628051758, 40.6112480163574, 40.6227073669434, 40.6628150939941, 40.7086524963379, 40.7086524963379, 40.7373008728027, 40.697193145752, 40.7487602233887, 40.7315711975098, 
40.7315711975098, 40.7201080322266, 40.7487602233887, 40.7315711975098, 40.7201080322266, 40.7086524963379, 40.7029228210449, 40.680004119873, 40.6742744445801, 40.6628150939941, 40.6570854187012, 40.6341667175293, 40.6227073669434, 40.6227073669434, 40.6227073669434, 40.6055183410645, 40.6055183410645, 40.5596809387207, 40.5023880004883, 40.4279022216797, 40.376335144043, 40.37060546875, 40.3648796081543, 40.3534164428711, 40.3534164428711, 40.3591461181641, 40.37060546875, 40.3648796081543, 40.2617454528809, 
40.2617454528809, 40.2101783752441, 40.1185073852539, 40.0554809570312, 40.095588684082, 40.1586112976074, 40.2216377258301, 40.2789344787598))",26,huntingdon
"list(c(-79.2114181518555, -78.7988891601562, -78.7988891601562, -78.8905563354492, -78.9134750366211, -78.9707717895508, -79.0108795166016, -79.0280685424805, -79.0395278930664, -79.0509872436523, -79.0567169189453, -79.0853652954102, -79.1025543212891, -79.114013671875, -79.119743347168, -79.1312026977539, -79.1770324707031, -79.2171401977539, -79.2285995483398, -79.2572479248047, -79.2687072753906, -79.2859039306641, -79.291633605957, -79.2859039306641, -79.291633605957, -79.3145446777344, -79.3260116577148, 
-79.3489227294922, -79.3546524047852, -79.3603820800781, -79.3603820800781, -79.3718490600586, -79.3775787353516, -79.389030456543, -79.4062194824219, -79.4291381835938, -79.4463272094727, -79.4463272094727, -79.4520568847656, -79.2114181518555, -79.2056884765625, -79.2114181518555, 40.9091873168945, 40.9034576416016, 40.7258415222168, 40.5253067016602, 40.4909286499023, 40.3935241699219, 40.4221725463867, 40.4221725463867, 40.4164428710938, 40.3935241699219, 40.3877983093262, 40.3877983093262, 40.3820648193359, 
40.3877983093262, 40.3935241699219, 40.4049835205078, 40.4164428710938, 40.4336318969727, 40.4336318969727, 40.4279022216797, 40.4393615722656, 40.4393615722656, 40.4450912475586, 40.4622802734375, 40.4680099487305, 40.4680099487305, 40.4680099487305, 40.4622802734375, 40.4622802734375, 40.4794692993164, 40.4851989746094, 40.4851989746094, 40.4622802734375, 40.4622802734375, 40.4794692993164, 40.4909286499023, 40.496654510498, 40.5081176757812, 40.5253067016602, 40.7774085998535, 40.7888641357422, 
40.9091873168945))",70,indiana
"list(c(-78.7988891601562, -79.2114181518555, -79.2114181518555, -79.2056884765625, -79.1770324707031, -79.1655807495117, -79.1426620483398, -79.1025543212891, -79.0968246459961, -79.0796356201172, -79.0452575683594, -79.0166091918945, -78.9994201660156, -78.9822311401367, -78.9765014648438, -78.9593124389648, -78.7358627319336, -78.7415924072266, -78.7931594848633, -78.7988891601562, 40.9034576416016, 40.9091873168945, 41.0581550598145, 41.3274459838867, 41.3331756591797, 41.3274459838867, 41.3446350097656, 
41.3274459838867, 41.3389053344727, 41.3446350097656, 41.3446350097656, 41.3503646850586, 41.3503646850586, 41.3618240356445, 41.3675537109375, 41.3675537109375, 41.2586898803711, 41.2300453186035, 41.1154518127441, 40.9034576416016))",34,jefferson
"list(c(-77.756103515625, -77.7331771850586, -77.6185913085938, -77.6071395874023, -77.6014022827148, -77.4868087768555, -77.4925384521484, -77.2748184204102, -77.1545028686523, -77.1143951416016, -77.1086654663086, -77.0456314086914, -77.0399017333984, -76.9997940063477, -76.9711532592773, -76.9539566040039, -76.9367752075195, -76.9940643310547, -77.0456314086914, -77.0857391357422, -77.1487655639648, -77.1774139404297, -77.1774139404297, -77.2117919921875, -77.303466796875, -77.3836822509766, -77.4409790039062, 
-77.4868087768555, -77.5326461791992, -77.5326461791992, -77.57275390625, -77.6243209838867, -77.6701583862305, -77.6930770874023, -77.756103515625, 40.3648796081543, 40.4107131958008, 40.4794692993164, 40.4909286499023, 40.5081176757812, 40.5825996398926, 40.6055183410645, 40.691463470459, 40.680004119873, 40.691463470459, 40.680004119873, 40.6742744445801, 40.6570854187012, 40.6398963928223, 40.6456260681152, 40.6398963928223, 40.6227073669434, 40.6112480163574, 40.6055183410645, 40.5997886657715, 
40.5883293151855, 40.5654106140137, 40.5539512634277, 40.5424919128418, 40.5081176757812, 40.4737358093262, 40.4450912475586, 40.4221725463867, 40.3935241699219, 40.376335144043, 40.3534164428711, 40.3190422058105, 40.2732048034668, 40.2617454528809, 40.3648796081543))",6,juniata
"list(c(-75.5158386230469, -75.5559387207031, -75.5674057006836, -75.5731353759766, -75.5788650512695, -75.6075134277344, -75.6590805053711, -75.6648101806641, -75.6590805053711, -75.6590805053711, -75.6991882324219, -75.7049179077148, -75.7049179077148, -75.7049179077148, -75.7392883300781, -75.756477355957, -75.7736663818359, -75.8252334594727, -75.8367004394531, -75.8481521606445, -75.7851257324219, -75.8080444335938, -75.7793960571289, -75.7793960571289, -75.7392883300781, -75.4700012207031, -75.4470825195312, 
-75.4585418701172, -75.4757308959961, -75.5158386230469, 41.2243118286133, 41.2185821533203, 41.2013931274414, 41.1956634521484, 41.1727447509766, 41.1555557250977, 41.1899375915527, 41.2185821533203, 41.2472305297852, 41.2529640197754, 41.270149230957, 41.3045272827148, 41.3159866333008, 41.3389053344727, 41.3503646850586, 41.3675537109375, 41.3732833862305, 41.3847427368164, 41.401927947998, 41.419116973877, 41.5050621032715, 41.5165214538574, 41.5623550415039, 41.5738182067871, 41.6368446350098, 
41.6425743103027, 41.2873382568359, 41.27587890625, 41.2586898803711, 41.2243118286133))",181,lackawanna
"list(c(-76.7190475463867, -76.6961364746094, -76.673210144043, -76.6273727416992, -76.5815353393555, -76.5185165405273, -76.4211120605469, -76.3351669311523, -76.2549514770508, -76.1575546264648, -75.8768005371094, -75.9283676147461, -75.9340972900391, -75.9856643676758, -75.9913940429688, -76.0143127441406, -76.0200424194336, -76.0429611206055, -76.0544128417969, -76.1059875488281, -76.2377624511719, -76.2778701782227, -76.3007888793945, -76.3466262817383, -76.3752746582031, -76.3867340087891, -76.392463684082, 
-76.4268417358398, -76.4669494628906, -76.5070495605469, -76.5357055664062, -76.5929946899414, -76.6331024169922, -76.6617584228516, -76.6961364746094, -76.7190475463867, 40.1299629211426, 40.1586112976074, 40.1528816223145, 40.1815299987793, 40.1987190246582, 40.2159080505371, 40.238826751709, 40.2560157775879, 40.2789344787598, 40.3190422058105, 40.1414260864258, 40.1070442199707, 40.0497512817383, 39.9466171264648, 39.8835906982422, 39.8721351623535, 39.8434867858887, 39.8148345947266, 39.786190032959, 
39.7288932800293, 39.7288932800293, 39.780460357666, 39.791919708252, 39.8377532958984, 39.8721351623535, 39.9065093994141, 39.91796875, 39.9294281005859, 39.9523468017578, 39.9867248535156, 40.0497512817383, 40.0554809570312, 40.0554809570312, 40.0669364929199, 40.1013145446777, 40.1299629211426))",301,lancaster
"list(c(-80.0995025634766, -80.1567993164062, -80.1567993164062, -80.5120315551758, -80.5120315551758, -80.5177612304688, -80.2541961669922, -80.2484664916992, -80.1567993164062, -80.0995025634766, 41.0696144104004, 41.000862121582, 40.8518905639648, 40.8576202392578, 40.9091873168945, 41.1269111633301, 41.1269111633301, 41.1211814880371, 41.1154518127441, 41.0696144104004))",76,lawrence
"list(c(-76.5471572875977, -76.4325714111328, -76.2434997558594, -76.2033920288086, -76.1575546264648, -76.2549514770508, -76.3351669311523, -76.4211120605469, -76.5185165405273, -76.5815353393555, -76.6846694946289, -76.6846694946289, -76.5471572875977, 40.5539512634277, 40.4909286499023, 40.3820648193359, 40.3591461181641, 40.3190422058105, 40.2789344787598, 40.2560157775879, 40.238826751709, 40.2159080505371, 40.1987190246582, 40.4680099487305, 40.4737358093262, 40.5539512634277))",77,lebanon
"list(c(-75.5330276489258, -75.8825302124023, -75.8424224853516, -75.8080444335938, -75.756477355957, -75.6934509277344, -75.6075134277344, -75.5960464477539, -75.5903244018555, -75.5731353759766, -75.5616760253906, -75.5502166748047, -75.5330276489258, -75.5215682983398, -75.4757308959961, -75.4356231689453, -75.3840637207031, -75.3840637207031, -75.4012451171875, -75.3382263183594, -75.3955154418945, -75.4757308959961, -75.5330276489258, 40.4508171081543, 40.6742744445801, 40.697193145752, 40.7143821716309, 
40.7373008728027, 40.7716789245605, 40.7888641357422, 40.7544898986816, 40.7373008728027, 40.7373008728027, 40.7258415222168, 40.7258415222168, 40.7373008728027, 40.7201080322266, 40.6685447692871, 40.6742744445801, 40.6341667175293, 40.6227073669434, 40.5883293151855, 40.548225402832, 40.5081176757812, 40.4279022216797, 40.4508171081543))",252,lehigh
"list(c(-76.2091217041016, -76.220573425293, -76.2263031005859, -76.2320327758789, -76.2721405029297, -76.3065185546875, -76.3179779052734, -76.2893371582031, -76.0544128417969, -75.9971237182617, -75.8481521606445, -75.8367004394531, -75.8252334594727, -75.7736663818359, -75.756477355957, -75.7392883300781, -75.7049179077148, -75.7049179077148, -75.7049179077148, -75.6991882324219, -75.6590805053711, -75.6590805053711, -75.6648101806641, -75.6590805053711, -75.6075134277344, -75.6418838500977, -75.6648101806641, 
-75.6762619018555, -75.6934509277344, -75.7049179077148, -75.7335586547852, -75.76220703125, -75.7736663818359, -75.7793960571289, -75.767936706543, -75.7507553100586, -75.7450256347656, -75.9971237182617, -76.0200424194336, -76.2091217041016, 40.949291229248, 41.0123176574707, 41.0524253845215, 41.138370513916, 41.1326370239258, 41.1842079162598, 41.3045272827148, 41.3675537109375, 41.3847427368164, 41.3962020874023, 41.419116973877, 41.401927947998, 41.3847427368164, 41.3732833862305, 41.3675537109375, 
41.3503646850586, 41.3389053344727, 41.3159866333008, 41.3045272827148, 41.270149230957, 41.2529640197754, 41.2472305297852, 41.2185821533203, 41.1899375915527, 41.1555557250977, 41.1154518127441, 41.1211814880371, 41.1269111633301, 41.1269111633301, 41.1211814880371, 41.0868034362793, 41.0868034362793, 41.0753440856934, 41.0638847351074, 41.0466995239258, 41.0295066833496, 41.0123176574707, 40.9149169921875, 40.9091873168945, 40.949291229248))",285,luzerne
"list(c(-76.8852081298828, -76.9539566040039, -76.9768829345703, -77.028450012207, -77.0742797851562, -77.0857391357422, -77.0971984863281, -77.1545028686523, -77.1774139404297, -77.2232513427734, -77.2576293945312, -77.309196472168, -77.3378448486328, -77.3493041992188, -77.3550338745117, -77.4409790039062, -77.4753570556641, -77.481086730957, -77.4925384521484, -77.5154647827148, -77.5326461791992, -77.5498352050781, -77.57275390625, -77.578483581543, -77.6014022827148, -77.6071395874023, -77.6071395874023, 
-77.0227203369141, -76.9826126098633, -76.8909378051758, -76.8852081298828, -76.8336410522461, -76.7648849487305, -76.6216430664062, -76.5586242675781, -76.5586242675781, -76.4669494628906, -76.6044616699219, -76.6388320922852, -76.673210144043, -76.7190475463867, -76.7419738769531, -76.7935333251953, -76.8164520263672, -76.850830078125, -76.8680114746094, -76.8852081298828, 41.1269111633301, 41.144100189209, 41.0810737609863, 41.0868034362793, 41.0868034362793, 41.0810737609863, 41.0696144104004, 
41.0638847351074, 41.0696144104004, 41.1211814880371, 41.1670188903809, 41.2013931274414, 41.2185821533203, 41.2243118286133, 41.2300453186035, 41.27587890625, 41.2930679321289, 41.3159866333008, 41.3389053344727, 41.3503646850586, 41.3618240356445, 41.3847427368164, 41.4248466491699, 41.4477653503418, 41.453498840332, 41.4764175415039, 41.5222511291504, 41.5337104797363, 41.5508995056152, 41.591007232666, 41.5852737426758, 41.5795478820801, 41.401927947998, 41.2987976074219, 41.2873382568359, 41.281608581543, 
41.2586898803711, 41.138370513916, 41.144100189209, 41.144100189209, 41.1555557250977, 41.1612892150879, 41.1727447509766, 41.1670188903809, 41.1612892150879, 41.144100189209, 41.1269111633301))",98,lycoming
"list(c(-78.9249420166016, -78.3118667602539, -78.208740234375, -78.2201995849609, -78.4207382202148, -78.4264678955078, -78.47802734375, -78.483757019043, -78.9421234130859, -78.9478530883789, -78.9306640625, -78.9249420166016, -78.9192123413086, -78.9192123413086, -78.9249420166016, -78.9192123413086, -78.9134750366211, -78.9192123413086, -78.9249420166016, -78.9249420166016, 42.0035362243652, 42.0035362243652, 41.9978065490723, 41.6081924438477, 41.6081924438477, 41.596736907959, 41.602466583252, 
41.6196556091309, 41.6081924438477, 41.8201904296875, 41.8201904296875, 41.8602981567383, 41.8602981567383, 41.8774833679199, 41.8774833679199, 41.9290542602539, 41.9347801208496, 41.9519729614258, 41.9519729614258, 42.0035362243652))",35,mckean
"list(c(-80.5177612304688, -80.5234909057617, -80.5234909057617, -80.4432754516602, -80.4432754516602, -80.4146270751953, -80.4146270751953, -80.1453399658203, -80.0020980834961, -80.0020980834961, -80.0995025634766, -80.1567993164062, -80.2484664916992, -80.2541961669922, -80.5177612304688, 41.1269111633301, 41.1326370239258, 41.4821434020996, 41.4764175415039, 41.4878730773926, 41.4821434020996, 41.4764175415039, 41.4764175415039, 41.4878730773926, 41.1670188903809, 41.0696144104004, 41.1154518127441, 
41.1211814880371, 41.1269111633301, 41.1269111633301))",98,mercer
"list(c(-77.3664855957031, -77.3607635498047, -77.3607635498047, -77.2748184204102, -77.4925384521484, -77.4868087768555, -77.6014022827148, -77.6071395874023, -77.6185913085938, -77.7331771850586, -77.756103515625, -77.8134002685547, -77.8076705932617, -77.8076705932617, -77.8248519897461, -77.8477783203125, -77.8649597167969, -77.8821563720703, -77.8878860473633, -77.8134002685547, -77.8363189697266, -77.7790145874023, -77.7675628662109, -77.7331771850586, -77.7217254638672, -77.6758880615234, -77.6701583862305, 
-77.6701583862305, -77.6472396850586, -77.6472396850586, -77.6644287109375, -77.6701583862305, -77.6644287109375, -77.6644287109375, -77.6415100097656, -77.6415100097656, -77.4467010498047, -77.4409790039062, -77.4008712768555, -77.3664855957031, 40.8404350280762, 40.8060531616211, 40.7086524963379, 40.691463470459, 40.6055183410645, 40.5825996398926, 40.5081176757812, 40.4909286499023, 40.4794692993164, 40.4107131958008, 40.3648796081543, 40.37060546875, 40.3591461181641, 40.3534164428711, 40.3534164428711, 
40.3648796081543, 40.37060546875, 40.376335144043, 40.4279022216797, 40.5023880004883, 40.5596809387207, 40.6055183410645, 40.6055183410645, 40.6227073669434, 40.6227073669434, 40.6227073669434, 40.6341667175293, 40.6570854187012, 40.6628150939941, 40.6742744445801, 40.680004119873, 40.7029228210449, 40.7086524963379, 40.7201080322266, 40.7315711975098, 40.7487602233887, 40.8175163269043, 40.828971862793, 40.8404350280762, 40.8404350280762))",45,mifflin
"list(c(-74.9829864501953, -75.0173645019531, -75.0689315795898, -75.1204986572266, -75.1319580078125, -75.1262283325195, -75.1949768066406, -75.2236251831055, -75.2408142089844, -75.2465515136719, -75.2923889160156, -75.3382263183594, -75.4127044677734, -75.4814605712891, -75.5043792724609, -75.5788650512695, -75.498649597168, -75.5444869995117, -75.5502166748047, -75.5616760253906, -75.5960464477539, -75.6075134277344, -75.6418838500977, -75.6075134277344, -75.5788650512695, -75.5731353759766, -75.5674057006836, 
-75.5559387207031, -75.5158386230469, -75.3840637207031, -75.1319580078125, -75.1434097290039, -75.1147689819336, -75.0803909301758, -75.0632019042969, -75.034553527832, -74.9829864501953, 41.0810737609863, 41.0524253845215, 41.0295066833496, 41.000862121582, 40.9836730957031, 40.9607543945312, 40.9435653686523, 40.9263725280762, 40.9091873168945, 40.8977279663086, 40.8748092651367, 40.8518905639648, 40.8347015380859, 40.8175163269043, 40.8576202392578, 40.949291229248, 41.000862121582, 41.0295066833496, 
41.0466995239258, 41.0581550598145, 41.0868034362793, 41.0982627868652, 41.1154518127441, 41.1555557250977, 41.1727447509766, 41.1956634521484, 41.2013931274414, 41.2185821533203, 41.2243118286133, 41.2357711791992, 41.2472305297852, 41.1612892150879, 41.1555557250977, 41.144100189209, 41.1211814880371, 41.0982627868652, 41.0810737609863))",110,monroe
"list(c(-75.2694625854492, -75.3611373901367, -75.3668670654297, -75.3955154418945, -75.4298934936523, -75.4528121948242, -75.4700012207031, -75.4585418701172, -75.4700012207031, -75.498649597168, -75.5101013183594, -75.5272979736328, -75.5272979736328, -75.5559387207031, -75.5903244018555, -75.5903244018555, -75.6075134277344, -75.6304321289062, -75.6476135253906, -75.6934509277344, -75.5330276489258, -75.4757308959961, -75.0116348266602, -75.0918502807617, -75.0918502807617, -75.1090393066406, -75.1835174560547, 
-75.2007141113281, -75.2350845336914, -75.2637329101562, -75.2121734619141, -75.2293548583984, -75.2694625854492, 39.9809951782227, 40.0726699829102, 40.0783996582031, 40.0726699829102, 40.1013145446777, 40.0898551940918, 40.1185073852539, 40.1356925964355, 40.1414260864258, 40.1471519470215, 40.1528816223145, 40.1586112976074, 40.1758003234863, 40.2159080505371, 40.2216377258301, 40.238826751709, 40.244556427002, 40.244556427002, 40.2502861022949, 40.2502861022949, 40.4508171081543, 40.4279022216797, 
40.1414260864258, 40.0783996582031, 40.0726699829102, 40.0554809570312, 40.0898551940918, 40.0783996582031, 40.095588684082, 40.061206817627, 40.0210990905762, 40.0039138793945, 39.9809951782227))",599,montgomery
"list(c(-76.6388320922852, -76.6159210205078, -76.6273727416992, -76.575813293457, -76.5643539428711, -76.5643539428711, -76.575813293457, -76.5127868652344, -76.5299758911133, -76.5299758911133, -76.5127868652344, -76.5471572875977, -76.5643539428711, -76.6101913452148, -76.6273727416992, -76.673210144043, -76.7362365722656, -76.7878036499023, -76.7935333251953, -76.7935333251953, -76.7878036499023, -76.7763442993164, -76.7419738769531, -76.7476959228516, -76.7419738769531, -76.7190475463867, -76.673210144043, 
-76.6388320922852, 41.144100189209, 41.0810737609863, 41.0581550598145, 41.0466995239258, 41.0409660339355, 41.0237808227539, 41.000862121582, 40.949291229248, 40.9321060180664, 40.8977279663086, 40.8576202392578, 40.8748092651367, 40.8919982910156, 40.9435653686523, 40.9550247192383, 40.9607543945312, 40.9550247192383, 40.9435653686523, 40.949291229248, 40.9607543945312, 40.9722099304199, 40.9893989562988, 41.0982627868652, 41.144100189209, 41.1612892150879, 41.1555557250977, 41.144100189209, 41.144100189209
))",8,montour
"list(c(-75.4814605712891, -75.4127044677734, -75.3382263183594, -75.2923889160156, -75.2465515136719, -75.2408142089844, -75.2236251831055, -75.1949768066406, -75.1262283325195, -75.1147689819336, -75.0918502807617, -75.0689315795898, -75.0689315795898, -75.0975799560547, -75.1147689819336, -75.1319580078125, -75.1720657348633, -75.1835174560547, -75.1949768066406, -75.1835174560547, -75.2007141113281, -75.2064437866211, -75.3382263183594, -75.4012451171875, -75.3840637207031, -75.3840637207031, 
-75.4356231689453, -75.4757308959961, -75.5215682983398, -75.5330276489258, -75.5502166748047, -75.5616760253906, -75.5731353759766, -75.5903244018555, -75.5960464477539, -75.6075134277344, -75.4814605712891, 40.8175163269043, 40.8347015380859, 40.8518905639648, 40.8748092651367, 40.8977279663086, 40.9091873168945, 40.9263725280762, 40.9435653686523, 40.9607543945312, 40.9435653686523, 40.9263725280762, 40.8977279663086, 40.8690795898438, 40.8461608886719, 40.7945976257324, 40.7831344604492, 40.7774085998535, 
40.7544898986816, 40.7029228210449, 40.680004119873, 40.6456260681152, 40.6169776916504, 40.548225402832, 40.5883293151855, 40.6227073669434, 40.6341667175293, 40.6742744445801, 40.6685447692871, 40.7201080322266, 40.7373008728027, 40.7258415222168, 40.7258415222168, 40.7373008728027, 40.7373008728027, 40.7544898986816, 40.7888641357422, 40.8175163269043))",236,northampton
"list(c(-76.8852081298828, -76.8680114746094, -76.850830078125, -76.8164520263672, -76.7935333251953, -76.7419738769531, -76.7476959228516, -76.7419738769531, -76.7763442993164, -76.7878036499023, -76.7935333251953, -76.7935333251953, -76.7878036499023, -76.7362365722656, -76.673210144043, -76.6273727416992, -76.6101913452148, -76.5643539428711, -76.5471572875977, -76.5127868652344, -76.5070495605469, -76.5185165405273, -76.5013198852539, -76.4211120605469, -76.3867340087891, -76.4497604370117, -76.6502990722656, 
-76.6846694946289, -76.7075881958008, -76.7763442993164, -76.7992630004883, -76.8107223510742, -76.8336410522461, -76.8909378051758, -76.9081268310547, -76.9253158569336, -76.9425048828125, -76.9367752075195, -76.9081268310547, -76.856559753418, -76.850830078125, -76.850830078125, -76.845100402832, -76.8393707275391, -76.8049926757812, -76.7935333251953, -76.7992630004883, -76.8221817016602, -76.856559753418, -76.8622894287109, -76.8622894287109, -76.856559753418, -76.850830078125, -76.8622894287109, 
-76.8794784545898, -76.8852081298828, -76.8852081298828, 41.1269111633301, 41.144100189209, 41.1612892150879, 41.1670188903809, 41.1727447509766, 41.1612892150879, 41.144100189209, 41.0982627868652, 40.9893989562988, 40.9722099304199, 40.9607543945312, 40.949291229248, 40.9435653686523, 40.9550247192383, 40.9607543945312, 40.9550247192383, 40.9435653686523, 40.8919982910156, 40.8748092651367, 40.8576202392578, 40.8518905639648, 40.8347015380859, 40.8232421875, 40.828971862793, 40.7716789245605, 40.7487602233887, 
40.6742744445801, 40.6628150939941, 40.6513557434082, 40.6398963928223, 40.6398963928223, 40.6341667175293, 40.6227073669434, 40.6112480163574, 40.6055183410645, 40.6055183410645, 40.6055183410645, 40.6227073669434, 40.6570854187012, 40.7086524963379, 40.7201080322266, 40.7774085998535, 40.8003273010254, 40.8232421875, 40.8461608886719, 40.8690795898438, 40.8805389404297, 40.8862686157227, 40.9263725280762, 40.949291229248, 40.9722099304199, 41.0295066833496, 41.0581550598145, 41.0638847351074, 41.0868034362793, 
41.1097183227539, 41.1269111633301))",83,northumberland
"list(c(-76.9425048828125, -76.9768829345703, -76.9711532592773, -76.9768829345703, -76.9711532592773, -76.9425048828125, -76.9482345581055, -76.9596862792969, -77.0055236816406, -77.0227203369141, -77.028450012207, -76.9826126098633, -76.9596862792969, -76.9367752075195, -76.9195785522461, -76.9195785522461, -77.0399017333984, -77.1315765380859, -77.2003326416016, -77.297737121582, -77.3149261474609, -77.3206481933594, -77.3493041992188, -77.3779525756836, -77.3951416015625, -77.4008712768555, -77.3779525756836, 
-77.3550338745117, -77.3493041992188, -77.3607635498047, -77.3722152709961, -77.4123229980469, -77.4753570556641, -77.5326461791992, -77.5613021850586, -77.5956726074219, -77.6243209838867, -77.6243209838867, -77.6128616333008, -77.6185913085938, -77.6357803344727, -77.6529693603516, -77.6644287109375, -77.6644287109375, -77.6701583862305, -77.6243209838867, -77.57275390625, -77.5326461791992, -77.5326461791992, -77.4868087768555, -77.4409790039062, -77.3836822509766, -77.303466796875, -77.2117919921875, 
-77.1774139404297, -77.1774139404297, -77.1487655639648, -77.0857391357422, -77.0456314086914, -76.9940643310547, -76.9367752075195, -76.9425048828125, 40.6055183410645, 40.5768699645996, 40.548225402832, 40.5253067016602, 40.5081176757812, 40.4909286499023, 40.4794692993164, 40.4508171081543, 40.4221725463867, 40.4049835205078, 40.3877983093262, 40.3648796081543, 40.3648796081543, 40.3591461181641, 40.3476905822754, 40.3247718811035, 40.3075790405273, 40.3018531799316, 40.2903900146484, 40.2789344787598, 
40.2789344787598, 40.3018531799316, 40.2789344787598, 40.2732048034668, 40.2732048034668, 40.2789344787598, 40.2961235046387, 40.3133087158203, 40.3247718811035, 40.3304977416992, 40.3247718811035, 40.2961235046387, 40.2617454528809, 40.233097076416, 40.2216377258301, 40.1987190246582, 40.1815299987793, 40.1929893493652, 40.2159080505371, 40.2216377258301, 40.2216377258301, 40.2502861022949, 40.2502861022949, 40.2617454528809, 40.2732048034668, 40.3190422058105, 40.3534164428711, 40.376335144043, 
40.3935241699219, 40.4221725463867, 40.4450912475586, 40.4737358093262, 40.5081176757812, 40.5424919128418, 40.5539512634277, 40.5654106140137, 40.5883293151855, 40.5997886657715, 40.6055183410645, 40.6112480163574, 40.6227073669434, 40.6055183410645))",31,perry
"list(c(-74.9715270996094, -75.046012878418, -75.0746612548828, -75.1147689819336, -75.1204986572266, -75.1319580078125, -75.1491394042969, -75.1663360595703, -75.2064437866211, -75.2408142089844, -75.2694625854492, -75.2408142089844, -75.2522811889648, -75.2694625854492, -75.2751922607422, -75.2694625854492, -75.2293548583984, -75.2121734619141, -75.2637329101562, -75.2350845336914, -75.2007141113281, -75.1835174560547, -75.1090393066406, -75.0918502807617, -75.0918502807617, -75.0116348266602, -74.9944458007812, 
-74.9715270996094, -74.9543380737305, -74.9543380737305, -74.9715270996094, 40.0554809570312, 39.9981803894043, 39.9867248535156, 39.9580764770508, 39.9294281005859, 39.9065093994141, 39.8835906982422, 39.8721351623535, 39.8606719970703, 39.8549423217773, 39.9294281005859, 39.9408874511719, 39.9580764770508, 39.9638061523438, 39.9695358276367, 39.9809951782227, 40.0039138793945, 40.0210990905762, 40.061206817627, 40.095588684082, 40.0783996582031, 40.0898551940918, 40.0554809570312, 40.0726699829102, 
40.0783996582031, 40.1414260864258, 40.1299629211426, 40.1242332458496, 40.1070442199707, 40.0898551940918, 40.0554809570312))",1415,philadelphia
"list(c(-75.0632019042969, -75.040283203125, -75.0116348266602, -75.0001754760742, -74.9772567749023, -74.9371490478516, -74.8970413208008, -74.85693359375, -74.8282852172852, -74.765266418457, -74.7538070678711, -74.7366104125977, -74.7251586914062, -74.7709884643555, -74.8110961914062, -74.851203918457, -74.8683929443359, -74.8913192749023, -74.9256896972656, -74.9543380737305, -74.9772567749023, -74.9829864501953, -75.034553527832, -75.0632019042969, -75.0803909301758, -75.1147689819336, -75.1434097290039, 
-75.1319580078125, -75.3840637207031, -75.3267593383789, -75.3496780395508, -75.3611373901367, -75.3668670654297, -75.3611373901367, -75.3496780395508, -75.315299987793, -75.2923889160156, -75.2637329101562, -75.2522811889648, -75.2465515136719, -75.2293548583984, -75.1949768066406, -75.1090393066406, -75.0632019042969, 41.596736907959, 41.5738182067871, 41.5222511291504, 41.4993362426758, 41.4821434020996, 41.4706840515137, 41.453498840332, 41.4305801391602, 41.4305801391602, 41.4305801391602, 41.4133911132812, 
41.3904724121094, 41.3675537109375, 41.3389053344727, 41.3102569580078, 41.270149230957, 41.2300453186035, 41.1956634521484, 41.138370513916, 41.1211814880371, 41.1039924621582, 41.0810737609863, 41.0982627868652, 41.1211814880371, 41.144100189209, 41.1555557250977, 41.1612892150879, 41.2472305297852, 41.2357711791992, 41.3159866333008, 41.3331756591797, 41.3503646850586, 41.3675537109375, 41.3732833862305, 41.3732833862305, 41.3732833862305, 41.3847427368164, 41.3962020874023, 41.4248466491699, 
41.4305801391602, 41.4420356750488, 41.4649543762207, 41.5451698303223, 41.596736907959))",35,pike
"list(c(-77.761833190918, -77.6128616333008, -77.6071395874023, -77.6071395874023, -77.9910125732422, -78.0483093261719, -78.2201995849609, -78.208740234375, -77.761833190918, 42.0035362243652, 42.0035362243652, 41.5222511291504, 41.4764175415039, 41.4764175415039, 41.4764175415039, 41.6081924438477, 41.9978065490723, 42.0035362243652))",22,potter
"list(c(-76.3867340087891, -76.2893371582031, -76.2778701782227, -76.2606811523438, -76.2434997558594, -76.2091217041016, -76.0200424194336, -75.9971237182617, -75.9111785888672, -75.8882598876953, -75.756477355957, -75.8080444335938, -75.8424224853516, -75.8825302124023, -75.9742050170898, -75.9856643676758, -75.9971237182617, -76.0085754394531, -76.0200424194336, -76.0544128417969, -76.0716094970703, -76.1174468994141, -76.1403579711914, -76.21484375, -76.2377624511719, -76.3122482299805, -76.3351669311523, 
-76.3638153076172, -76.4325714111328, -76.5471572875977, -76.7075881958008, -76.6846694946289, -76.6502990722656, -76.4497604370117, -76.3867340087891, 40.7716789245605, 40.8117828369141, 40.8977279663086, 40.9034576416016, 40.9263725280762, 40.949291229248, 40.9091873168945, 40.9149169921875, 40.8461608886719, 40.8232421875, 40.7373008728027, 40.7143821716309, 40.697193145752, 40.6742744445801, 40.6513557434082, 40.6227073669434, 40.5883293151855, 40.5825996398926, 40.5825996398926, 40.5825996398926, 
40.5768699645996, 40.5654106140137, 40.5539512634277, 40.5424919128418, 40.5310363769531, 40.5081176757812, 40.5081176757812, 40.5081176757812, 40.4909286499023, 40.5539512634277, 40.6513557434082, 40.6628150939941, 40.6742744445801, 40.7487602233887, 40.7716789245605))",136,schuylkill
"list(c(-76.8221817016602, -76.7992630004883, -76.7935333251953, -76.8049926757812, -76.8393707275391, -76.845100402832, -76.850830078125, -76.850830078125, -76.856559753418, -76.9081268310547, -76.9367752075195, -76.9539566040039, -76.9711532592773, -76.9997940063477, -77.0399017333984, -77.0456314086914, -77.1086654663086, -77.1143951416016, -77.1545028686523, -77.2748184204102, -77.3607635498047, -77.3607635498047, -77.2805404663086, -77.0971984863281, -77.0800094604492, -77.0628280639648, -77.028450012207, 
-76.9768829345703, -76.9482345581055, -76.9253158569336, -76.9081268310547, -76.8622894287109, -76.8221817016602, 40.8862686157227, 40.8805389404297, 40.8690795898438, 40.8461608886719, 40.8232421875, 40.8003273010254, 40.7774085998535, 40.7201080322266, 40.7086524963379, 40.6570854187012, 40.6227073669434, 40.6398963928223, 40.6456260681152, 40.6398963928223, 40.6570854187012, 40.6742744445801, 40.680004119873, 40.691463470459, 40.680004119873, 40.691463470459, 40.7086524963379, 40.8060531616211, 
40.8232421875, 40.8576202392578, 40.8576202392578, 40.8576202392578, 40.8576202392578, 40.8805389404297, 40.8805389404297, 40.8805389404297, 40.8862686157227, 40.8919982910156, 40.8862686157227))",28,snyder
"list(c(-79.2859039306641, -79.2457962036133, -79.2171401977539, -79.2056884765625, -79.1713104248047, -79.1483917236328, -79.1369247436523, -79.1312026977539, -79.114013671875, -79.0739059448242, -79.0509872436523, -78.9306640625, -78.8905563354492, -78.8791046142578, -78.655647277832, -78.7358627319336, -78.7530517578125, -78.7587814331055, -78.7988891601562, -78.9134750366211, -79.4004898071289, -79.4004898071289, -79.3947601318359, -79.3947601318359, -79.3718490600586, -79.3661117553711, -79.3718490600586, 
-79.3947601318359, -79.4176864624023, -79.389030456543, -79.3431930541992, -79.3145446777344, -79.2859039306641, 40.0382919311523, 40.095588684082, 40.1070442199707, 40.1242332458496, 40.1242332458496, 40.1643409729004, 40.1758003234863, 40.1872596740723, 40.2101783752441, 40.2617454528809, 40.2789344787598, 40.3018531799316, 40.2674713134766, 40.244556427002, 40.238826751709, 40.0726699829102, 40.0726699829102, 39.8262977600098, 39.7288932800293, 39.7288932800293, 39.7346229553223, 39.7575416564941, 
39.774730682373, 39.791919708252, 39.791919708252, 39.8033790588379, 39.8320274353027, 39.8434867858887, 39.8606719970703, 39.91796875, 39.9752655029297, 40.0096435546875, 40.0382919311523))",54,somerset
"list(c(-76.2320327758789, -76.2893371582031, -76.3179779052734, -76.4153747558594, -76.4669494628906, -76.5586242675781, -76.5586242675781, -76.6216430664062, -76.7648849487305, -76.8336410522461, -76.2320327758789, 41.5508995056152, 41.3675537109375, 41.3045272827148, 41.3045272827148, 41.2586898803711, 41.281608581543, 41.2873382568359, 41.2987976074219, 41.401927947998, 41.5795478820801, 41.5508995056152))",3,sullivan
"list(c(-76.1059875488281, -75.4757308959961, -75.4700012207031, -75.7392883300781, -76.1346282958984, -76.1346282958984, -76.1460876464844, -76.1059875488281, 42.0035362243652, 42.0035362243652, 41.6425743103027, 41.6368446350098, 41.6425743103027, 41.6483001708984, 42.0035362243652, 42.0035362243652))",34,susquehanna
"list(c(-77.6128616333008, -76.9711532592773, -76.9367752075195, -76.8852081298828, -76.8909378051758, -76.9826126098633, -77.0227203369141, -77.6071395874023, -77.6128616333008, 42.0035362243652, 41.9978065490723, 41.9978065490723, 41.5852737426758, 41.591007232666, 41.5508995056152, 41.5337104797363, 41.5222511291504, 42.0035362243652))",28,tioga
"list(c(-77.3664855957031, -77.1545028686523, -77.1545028686523, -77.0971984863281, -77.0857391357422, -77.0742797851562, -77.028450012207, -76.9768829345703, -76.9539566040039, -76.8852081298828, -76.8852081298828, -76.8794784545898, -76.8622894287109, -76.850830078125, -76.856559753418, -76.8622894287109, -76.8622894287109, -76.856559753418, -76.8221817016602, -76.8622894287109, -76.9081268310547, -76.9253158569336, -76.9482345581055, -76.9768829345703, -77.028450012207, -77.0628280639648, -77.0800094604492, 
-77.0971984863281, -77.2805404663086, -77.3607635498047, -77.3664855957031, 40.8404350280762, 41.0409660339355, 41.0638847351074, 41.0696144104004, 41.0810737609863, 41.0868034362793, 41.0868034362793, 41.0810737609863, 41.144100189209, 41.1269111633301, 41.1097183227539, 41.0868034362793, 41.0638847351074, 41.0581550598145, 41.0295066833496, 40.9722099304199, 40.949291229248, 40.9263725280762, 40.8862686157227, 40.8919982910156, 40.8862686157227, 40.8805389404297, 40.8805389404297, 40.8805389404297, 
40.8576202392578, 40.8576202392578, 40.8576202392578, 40.8576202392578, 40.8232421875, 40.8060531616211, 40.8404350280762))",28,union
"list(c(-79.4749755859375, -79.4749755859375, -79.5265426635742, -79.5380020141602, -79.6067581176758, -79.6124877929688, -79.6353988647461, -79.6353988647461, -79.6525955200195, -79.6583251953125, -79.6755065917969, -79.6869735717773, -79.6927032470703, -80.0020980834961, -80.0020980834961, -80.0020980834961, -79.9849090576172, -79.9849090576172, -79.9677200317383, -79.9619903564453, -79.9448013305664, -79.9390716552734, -79.9218826293945, -79.9218826293945, -79.9104232788086, -79.9046936035156, 
-79.8932342529297, -79.8932342529297, -79.8645858764648, -79.8531265258789, -79.8531265258789, -79.8302154541016, -79.8244857788086, -79.7786483764648, -79.7729110717773, -79.6124877929688, -79.5093536376953, -79.5093536376953, -79.5208129882812, -79.5208129882812, -79.4749755859375, -79.4749755859375, 41.3732833862305, 41.3331756591797, 41.3331756591797, 41.3159866333008, 41.3159866333008, 41.27587890625, 41.270149230957, 41.2357711791992, 41.2300453186035, 41.2013931274414, 41.1784744262695, 41.1784744262695, 
41.1670188903809, 41.1670188903809, 41.4878730773926, 41.4936027526855, 41.4936027526855, 41.5050621032715, 41.5107917785645, 41.5165214538574, 41.5165214538574, 41.5279808044434, 41.5279808044434, 41.5337104797363, 41.5394401550293, 41.5508995056152, 41.5508995056152, 41.5623550415039, 41.5680885314941, 41.5738182067871, 41.5852737426758, 41.591007232666, 41.6081924438477, 41.6081924438477, 41.602466583252, 41.6081924438477, 41.6081924438477, 41.4706840515137, 41.4649543762207, 41.4420356750488, 
41.4420356750488, 41.3732833862305))",70,venango
"list(c(-79.0624465942383, -78.9249420166016, -78.9249420166016, -78.9192123413086, -78.9134750366211, -78.9192123413086, -78.9249420166016, -78.9192123413086, -78.9192123413086, -78.9249420166016, -78.9306640625, -78.9478530883789, -78.9421234130859, -79.5093536376953, -79.6124877929688, -79.6124877929688, -79.6182174682617, -79.6182174682617, -79.0624465942383, 42.0035362243652, 42.0035362243652, 41.9519729614258, 41.9519729614258, 41.9347801208496, 41.9290542602539, 41.8774833679199, 41.8774833679199, 
41.8602981567383, 41.8602981567383, 41.8201904296875, 41.8201904296875, 41.6081924438477, 41.6081924438477, 41.6081924438477, 41.8373794555664, 41.8373794555664, 42.0035362243652, 42.0035362243652))",35,warren
"list(c(-80.5177612304688, -80.5234909057617, -80.5177612304688, -80.5234909057617, -80.5177612304688, -80.3516006469727, -80.1797103881836, -79.9562606811523, -79.9276123046875, -79.9161529541016, -79.9333419799805, -79.9562606811523, -79.9562606811523, -79.9505310058594, -79.8932342529297, -79.8588562011719, -79.8473968505859, -79.8473968505859, -79.8531265258789, -79.8645858764648, -79.8817749023438, -79.8932342529297, -79.8875045776367, -79.8645858764648, -79.8473968505859, -79.841667175293, -79.841667175293, 
-79.8531265258789, -79.8817749023438, -79.8703231811523, -79.8703231811523, -79.8645858764648, -79.8932342529297, -79.9104232788086, -79.9218826293945, -79.9333419799805, -79.9562606811523, -79.9619903564453, -79.9791793823242, -79.9849090576172, -79.9849090576172, -80.0020980834961, -80.0078277587891, -80.0364761352539, -80.0479354858398, -80.0536651611328, -80.0651245117188, -80.0995025634766, -80.1281433105469, -80.1453399658203, -80.1739807128906, -80.1911773681641, -80.2599258422852, -80.294303894043, 
-80.3057632446289, -80.3172225952148, -80.3573303222656, -80.4260864257812, -80.4375457763672, -80.4432754516602, -80.5177612304688, 39.9523468017578, 40.0153732299805, 40.1643409729004, 40.4049835205078, 40.4794692993164, 40.4794692993164, 40.3304977416992, 40.2674713134766, 40.2560157775879, 40.2502861022949, 40.244556427002, 40.238826751709, 40.233097076416, 40.2216377258301, 40.1987190246582, 40.1929893493652, 40.1815299987793, 40.1758003234863, 40.1643409729004, 40.1643409729004, 40.1643409729004, 
40.1586112976074, 40.1414260864258, 40.1242332458496, 40.1070442199707, 40.095588684082, 40.0841255187988, 40.0783996582031, 40.0783996582031, 40.061206817627, 40.0497512817383, 40.0325622558594, 40.0210990905762, 40.0210990905762, 40.0153732299805, 39.9981803894043, 40.0039138793945, 40.0096435546875, 40.0153732299805, 40.0096435546875, 39.9867248535156, 39.9752655029297, 39.9638061523438, 39.9809951782227, 39.9981803894043, 40.0039138793945, 40.0039138793945, 39.9867248535156, 39.9809951782227, 
39.9867248535156, 40.0096435546875, 40.0096435546875, 40.0039138793945, 40.0210990905762, 40.0210990905762, 40.0039138793945, 39.9867248535156, 39.9752655029297, 39.9638061523438, 39.9523468017578, 39.9523468017578))",194,washington
"list(c(-75.4757308959961, -75.4012451171875, -75.3554077148438, -75.315299987793, -75.2866516113281, -75.2694625854492, -75.2465515136719, -75.2293548583984, -75.1777954101562, -75.1548767089844, -75.1262283325195, -75.1147689819336, -75.1147689819336, -75.0746612548828, -75.0517425537109, -75.0632019042969, -75.0689315795898, -75.0632019042969, -75.1090393066406, -75.1949768066406, -75.2293548583984, -75.2465515136719, -75.2522811889648, -75.2637329101562, -75.2923889160156, -75.315299987793, -75.3496780395508, 
-75.3611373901367, -75.3668670654297, -75.3611373901367, -75.3496780395508, -75.3267593383789, -75.3840637207031, -75.5158386230469, -75.4757308959961, -75.4585418701172, -75.4470825195312, -75.4700012207031, -75.4757308959961, 42.0035362243652, 42.0035362243652, 42.0035362243652, 41.9634284973145, 41.9405097961426, 41.8832168579102, 41.8660278320312, 41.8602981567383, 41.854564666748, 41.8488388061523, 41.8316459655762, 41.8144607543945, 41.7800827026367, 41.7571640014648, 41.7399749755859, 41.7113265991211, 
41.6081924438477, 41.596736907959, 41.5451698303223, 41.4649543762207, 41.4420356750488, 41.4305801391602, 41.4248466491699, 41.3962020874023, 41.3847427368164, 41.3732833862305, 41.3732833862305, 41.3732833862305, 41.3675537109375, 41.3503646850586, 41.3331756591797, 41.3159866333008, 41.2357711791992, 41.2243118286133, 41.2586898803711, 41.27587890625, 41.2873382568359, 41.6425743103027, 42.0035362243652))",45,wayne
"list(c(-79.0509872436523, -79.0739059448242, -79.114013671875, -79.1312026977539, -79.1369247436523, -79.1483917236328, -79.1713104248047, -79.2056884765625, -79.2171401977539, -79.2457962036133, -79.2859039306641, -79.3431930541992, -79.3775787353516, -79.4176864624023, -79.4692459106445, -79.4921646118164, -79.4978942871094, -79.5093536376953, -79.5208129882812, -79.5551910400391, -79.560920715332, -79.6239471435547, -79.6525955200195, -79.6812362670898, -79.6984329223633, -79.7385406494141, -79.7499923706055, 
-79.8645858764648, -79.8875045776367, -79.8932342529297, -79.8817749023438, -79.8645858764648, -79.8531265258789, -79.8473968505859, -79.8473968505859, -79.8588562011719, -79.7843780517578, -79.7958297729492, -79.7901077270508, -79.7843780517578, -79.7786483764648, -79.7729110717773, -79.7385406494141, -79.7156143188477, -79.7041625976562, -79.7041625976562, -79.7098846435547, -79.7213439941406, -79.7499923706055, -79.7671813964844, -79.7671813964844, -79.7557220458984, -79.744270324707, -79.7041625976562, 
-79.6984329223633, -79.6697769165039, -79.6525955200195, -79.6067581176758, -79.5895614624023, -79.5895614624023, -79.5895614624023, -79.566650390625, -79.560920715332, -79.566650390625, -79.560920715332, -79.5208129882812, -79.4921646118164, -79.4520568847656, -79.4463272094727, -79.4463272094727, -79.4291381835938, -79.4062194824219, -79.389030456543, -79.3775787353516, -79.3718490600586, -79.3603820800781, -79.3603820800781, -79.3546524047852, -79.3489227294922, -79.3260116577148, -79.3145446777344, 
-79.291633605957, -79.2859039306641, -79.291633605957, -79.2859039306641, -79.2687072753906, -79.2572479248047, -79.2285995483398, -79.2171401977539, -79.1770324707031, -79.1312026977539, -79.119743347168, -79.114013671875, -79.1025543212891, -79.0853652954102, -79.0567169189453, -79.0509872436523, -79.0395278930664, -79.0280685424805, -79.0108795166016, -78.9707717895508, -79.0509872436523, 40.2789344787598, 40.2617454528809, 40.2101783752441, 40.1872596740723, 40.1758003234863, 40.1643409729004, 
40.1242332458496, 40.1242332458496, 40.1070442199707, 40.095588684082, 40.0382919311523, 40.0497512817383, 40.0841255187988, 40.1070442199707, 40.1414260864258, 40.1471519470215, 40.1414260864258, 40.1299629211426, 40.1299629211426, 40.1185073852539, 40.1013145446777, 40.0841255187988, 40.0898551940918, 40.1070442199707, 40.1070442199707, 40.1299629211426, 40.1299629211426, 40.1242332458496, 40.1414260864258, 40.1586112976074, 40.1643409729004, 40.1643409729004, 40.1643409729004, 40.1758003234863, 
40.1815299987793, 40.1929893493652, 40.233097076416, 40.244556427002, 40.2674713134766, 40.2903900146484, 40.3534164428711, 40.3877983093262, 40.3935241699219, 40.4107131958008, 40.4336318969727, 40.5081176757812, 40.5310363769531, 40.548225402832, 40.5539512634277, 40.5654106140137, 40.5825996398926, 40.5997886657715, 40.6112480163574, 40.6341667175293, 40.6742744445801, 40.680004119873, 40.6742744445801, 40.6341667175293, 40.6227073669434, 40.6112480163574, 40.6055183410645, 40.6112480163574, 40.5997886657715, 
40.5825996398926, 40.5654106140137, 40.548225402832, 40.5367622375488, 40.5253067016602, 40.5081176757812, 40.496654510498, 40.4909286499023, 40.4794692993164, 40.4622802734375, 40.4622802734375, 40.4851989746094, 40.4851989746094, 40.4794692993164, 40.4622802734375, 40.4622802734375, 40.4680099487305, 40.4680099487305, 40.4680099487305, 40.4622802734375, 40.4450912475586, 40.4393615722656, 40.4393615722656, 40.4279022216797, 40.4336318969727, 40.4336318969727, 40.4164428710938, 40.4049835205078, 
40.3935241699219, 40.3877983093262, 40.3820648193359, 40.3877983093262, 40.3877983093262, 40.3935241699219, 40.4164428710938, 40.4221725463867, 40.4221725463867, 40.3935241699219, 40.2789344787598))",372,westmoreland
"list(c(-76.2893371582031, -76.2320327758789, -76.220573425293, -76.21484375, -76.21484375, -76.220573425293, -76.1346282958984, -76.1346282958984, -75.7392883300781, -75.7793960571289, -75.7793960571289, -75.8080444335938, -75.7851257324219, -75.8481521606445, -75.9971237182617, -76.0544128417969, -76.2893371582031, 41.3675537109375, 41.5508995056152, 41.5852737426758, 41.6196556091309, 41.6311111450195, 41.6483001708984, 41.6483001708984, 41.6425743103027, 41.6368446350098, 41.5738182067871, 41.5623550415039, 
41.5165214538574, 41.5050621032715, 41.419116973877, 41.3962020874023, 41.3847427368164, 41.3675537109375))",14,wyoming
"list(c(-76.856559753418, -76.8049926757812, -76.7534255981445, -76.7190475463867, -76.6961364746094, -76.6617584228516, -76.6331024169922, -76.5929946899414, -76.5357055664062, -76.5070495605469, -76.4669494628906, -76.4268417358398, -76.392463684082, -76.3867340087891, -76.3752746582031, -76.3466262817383, -76.3007888793945, -76.2778701782227, -76.2377624511719, -76.5700836181641, -76.7935333251953, -77.0055236816406, -76.9997940063477, -77.0112533569336, -76.9654159545898, -76.9654159545898, -76.9654159545898, 
-76.9768829345703, -76.9768829345703, -76.9768829345703, -76.9826126098633, -77.0112533569336, -77.028450012207, -77.0685577392578, -77.0914688110352, -77.1373062133789, -77.028450012207, -76.9768829345703, -76.9768829345703, -76.9310455322266, -76.9367752075195, -76.9367752075195, -76.9310455322266, -76.9081268310547, -76.9023971557617, -76.8852081298828, -76.8680114746094, -76.856559753418, 40.2216377258301, 40.1987190246582, 40.1643409729004, 40.1299629211426, 40.1013145446777, 40.0669364929199, 
40.0554809570312, 40.0554809570312, 40.0497512817383, 39.9867248535156, 39.9523468017578, 39.9294281005859, 39.91796875, 39.9065093994141, 39.8721351623535, 39.8377532958984, 39.791919708252, 39.780460357666, 39.7288932800293, 39.7288932800293, 39.7288932800293, 39.7288932800293, 39.8320274353027, 39.8434867858887, 39.8492164611816, 39.8606719970703, 39.8721351623535, 39.8721351623535, 39.8893241882324, 39.91796875, 39.9638061523438, 39.9981803894043, 40.0153732299805, 40.0268325805664, 40.0497512817383, 
40.0669364929199, 40.1528816223145, 40.1586112976074, 40.1643409729004, 40.1643409729004, 40.1758003234863, 40.1929893493652, 40.2044486999512, 40.2101783752441, 40.2216377258301, 40.2159080505371, 40.2216377258301, 40.2216377258301))",279,york
